[
{
  "model": "socialaccount.socialapp",
  "pk": 1,
  "fields": {
    "provider": "facebook",
    "provider_id": "",
    "name": "Facebook",
    "client_id": "1021988409693731",
    "secret": "f38ccefd8ccde53e80d4b6abe328ba09",
    "key": "",
    "settings": {},
    "sites": []
  }
},
{
  "model": "socialaccount.socialapp",
  "pk": 2,
  "fields": {
    "provider": "google",
    "provider_id": "",
    "name": "Google",
    "client_id": "604285495106-nkkk0mqpoji9dv0hneuqrkjg5c4ek9n2.apps.googleusercontent.com",
    "secret": "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",
    "key": "",
    "settings": {},
    "sites": []
  }
},
{
  "model": "socialaccount.socialaccount",
  "pk": 1,
  "fields": {
    "user": 35,
    "provider": "facebook",
    "uid": "10164826125014129",
    "last_login": "2024-12-01T18:54:55.999Z",
    "date_joined": "2024-11-24T12:57:48.470Z",
    "extra_data": {
      "id": "10164826125014129",
      "name": "Liam Flynn",
      "last_name": "Flynn",
      "first_name": "Liam"
    }
  }
},
{
  "model": "socialaccount.socialaccount",
  "pk": 2,
  "fields": {
    "user": 36,
    "provider": "google",
    "uid": "101336597371767736426",
    "last_login": "2025-02-18T21:51:55.803Z",
    "date_joined": "2024-11-24T18:53:36.332Z",
    "extra_data": {
      "aud": "604285495106-nkkk0mqpoji9dv0hneuqrkjg5c4ek9n2.apps.googleusercontent.com",
      "azp": "604285495106-nkkk0mqpoji9dv0hneuqrkjg5c4ek9n2.apps.googleusercontent.com",
      "exp": 1739919116,
      "iat": 1739915516,
      "iss": "https://accounts.google.com",
      "sub": "101336597371767736426",
      "name": "Liam Flynn",
      "email": "liamflynn1991@gmail.com",
      "at_hash": "KMuY8g7hm3B0T96hzpZIOA",
      "picture": "https://lh3.googleusercontent.com/a/ACg8ocJgIjcJSGK6BXDnMN60eVllrY2BgvsNiQSVK9Ofww6sDBhKVQ=s96-c",
      "given_name": "Liam",
      "family_name": "Flynn",
      "email_verified": true
    }
  }
},
{
  "model": "socialaccount.socialaccount",
  "pk": 3,
  "fields": {
    "user": 38,
    "provider": "google",
    "uid": "116862391692279474508",
    "last_login": "2024-12-27T21:16:16.710Z",
    "date_joined": "2024-11-27T21:15:55.160Z",
    "extra_data": {
      "aud": "604285495106-nkkk0mqpoji9dv0hneuqrkjg5c4ek9n2.apps.googleusercontent.com",
      "azp": "604285495106-nkkk0mqpoji9dv0hneuqrkjg5c4ek9n2.apps.googleusercontent.com",
      "exp": 1735337776,
      "iat": 1735334176,
      "iss": "https://accounts.google.com",
      "sub": "116862391692279474508",
      "name": "Rats",
      "email": "rats.in.the.walls.91@gmail.com",
      "at_hash": "z8zOiAdJssG7bdH2BlwibA",
      "picture": "https://lh3.googleusercontent.com/a/ACg8ocJU4mJ4TdeE4_FoeYwTcTidujDvdf9vppqbqizvBs2Vk-6rzA=s96-c",
      "given_name": "Rats",
      "email_verified": true
    }
  }
},
{
  "model": "calculator.benefit",
  "pk": 1,
  "fields": {
    "name": "Child Benefit",
    "description": "Child Benefit in the UK is a tax-free payment made to parents or guardians to help with the cost of raising children. It's available for children under 16, or under 20 if they stay in approved education or training. The amount varies depending on the number of children and household income.",
    "frequency": "weekly",
    "dependent_benefits": []
  }
},
{
  "model": "calculator.benefit",
  "pk": 2,
  "fields": {
    "name": "Disability Living Allowance (DLA) for children",
    "description": "Disability Living Allowance (DLA) for children may help with the extra costs of looking after a child who is under 16 and has difficulties walking or needs much more looking after than a child of the same age who does not have a disability.",
    "frequency": "weekly",
    "dependent_benefits": []
  }
},
{
  "model": "calculator.benefit",
  "pk": 4,
  "fields": {
    "name": "Universal Credit",
    "description": "Universal Credit is a payment to help with your living costs. You may be able to get it if you’re on a low income, out of work or you cannot work. \r\n\r\nNote: The value we show is the minimum amount. You may be entitled to more depending upon your circumstances. Please visit the gov.uk website for a more accurate measure of your entitlement.",
    "frequency": "monthly",
    "dependent_benefits": [
      5
    ]
  }
},
{
  "model": "calculator.benefit",
  "pk": 5,
  "fields": {
    "name": "Sure Start Maternity Grant",
    "description": "You could get a one-off payment of £500 to help towards the costs of having a child. This is known as a Sure Start Maternity Grant.",
    "frequency": "once",
    "dependent_benefits": [
      1
    ]
  }
},
{
  "model": "calculator.benefit",
  "pk": 6,
  "fields": {
    "name": "Healthy Start Scheme",
    "description": "If you’re more than 10 weeks pregnant or have a child under 4, the Healthy Start scheme can help you:\r\nbuy healthy foods like milk or fruit\r\nget free vitamins",
    "frequency": "weekly",
    "dependent_benefits": []
  }
},
{
  "model": "calculator.benefit",
  "pk": 7,
  "fields": {
    "name": "Tax-Free Childcare",
    "description": "You can get up to £500 every 3 months (up to £2,000 a year) for each of your children to help with the costs of childcare. This goes up to £1,000 every 3 months if a child is disabled (up to £4,000 a year).",
    "frequency": "annually",
    "dependent_benefits": []
  }
},
{
  "model": "calculator.benefitrate",
  "pk": 1,
  "fields": {
    "benefit": 1,
    "amount": "25.60",
    "income_threshold_min": "60000.00",
    "income_threshold_max": "80000.00",
    "reduction_rate_per_unit": "1.00",
    "income_unit": "200.00",
    "effective_date": "2025-02-03"
  }
},
{
  "model": "calculator.benefitrate",
  "pk": 2,
  "fields": {
    "benefit": 2,
    "amount": "72.65",
    "income_threshold_min": null,
    "income_threshold_max": null,
    "reduction_rate_per_unit": null,
    "income_unit": null,
    "effective_date": "2025-02-07"
  }
},
{
  "model": "calculator.benefitrate",
  "pk": 4,
  "fields": {
    "benefit": 4,
    "amount": "311.68",
    "income_threshold_min": null,
    "income_threshold_max": null,
    "reduction_rate_per_unit": null,
    "income_unit": null,
    "effective_date": "2025-02-12"
  }
},
{
  "model": "calculator.benefitrate",
  "pk": 5,
  "fields": {
    "benefit": 5,
    "amount": "500.00",
    "income_threshold_min": null,
    "income_threshold_max": null,
    "reduction_rate_per_unit": null,
    "income_unit": null,
    "effective_date": "2025-02-13"
  }
},
{
  "model": "calculator.benefitrate",
  "pk": 38,
  "fields": {
    "benefit": 6,
    "amount": "8.50",
    "income_threshold_min": null,
    "income_threshold_max": null,
    "reduction_rate_per_unit": null,
    "income_unit": null,
    "effective_date": "2025-02-16"
  }
},
{
  "model": "calculator.benefitrate",
  "pk": 39,
  "fields": {
    "benefit": 7,
    "amount": "2000.00",
    "income_threshold_min": null,
    "income_threshold_max": null,
    "reduction_rate_per_unit": null,
    "income_unit": null,
    "effective_date": "2025-02-16"
  }
},
{
  "model": "calculator.eligibilitycriteria",
  "pk": 1,
  "fields": {
    "benefit": 1,
    "criterion": "Child Age",
    "description": "Are you responsible for a child who lives with you?",
    "value_type": "boolean",
    "value": "True",
    "match_type": "exact"
  }
},
{
  "model": "calculator.eligibilitycriteria",
  "pk": 2,
  "fields": {
    "benefit": 1,
    "criterion": "Income",
    "description": "What is your annual individual income (or that of your partner, if applicable)?",
    "value_type": "numeric",
    "value": "50000",
    "match_type": "none"
  }
},
{
  "model": "calculator.eligibilitycriteria",
  "pk": 6,
  "fields": {
    "benefit": 2,
    "criterion": "Disability",
    "description": "Does your child need extra looking after or have walking difﬁculties?",
    "value_type": "boolean",
    "value": "True",
    "match_type": "exact"
  }
},
{
  "model": "calculator.eligibilitycriteria",
  "pk": 7,
  "fields": {
    "benefit": 2,
    "criterion": "Residency",
    "description": "Your child has lived in Great Britain for at least 6 of the last 12 months, if over 3 years old",
    "value_type": "boolean",
    "value": "True",
    "match_type": "exact"
  }
},
{
  "model": "calculator.eligibilitycriteria",
  "pk": 10,
  "fields": {
    "benefit": 1,
    "criterion": "Child Age",
    "description": "Is the child under 16, or if they are between 16 to 19 are in approved education or training?",
    "value_type": "boolean",
    "value": "True",
    "match_type": "exact"
  }
},
{
  "model": "calculator.eligibilitycriteria",
  "pk": 11,
  "fields": {
    "benefit": 1,
    "criterion": "Residency",
    "description": "Do you or the child have the right to reside in the UK (for example, are you a British citizen, or do you have Indefinite Leave to Remain or Settled Status)?",
    "value_type": "boolean",
    "value": "True",
    "match_type": "exact"
  }
},
{
  "model": "calculator.eligibilitycriteria",
  "pk": 13,
  "fields": {
    "benefit": 1,
    "criterion": "Claimant",
    "description": "Is anyone else claiming Child Benefit for this child",
    "value_type": "boolean",
    "value": "False",
    "match_type": "exact"
  }
},
{
  "model": "calculator.eligibilitycriteria",
  "pk": 14,
  "fields": {
    "benefit": 4,
    "criterion": "Age",
    "description": "Are you aged 18 or over?",
    "value_type": "boolean",
    "value": "True",
    "match_type": "exact"
  }
},
{
  "model": "calculator.eligibilitycriteria",
  "pk": 15,
  "fields": {
    "benefit": 4,
    "criterion": "Savings",
    "description": "What is the total value of your savings and investments?",
    "value_type": "numeric",
    "value": "15999.99",
    "match_type": "lt"
  }
},
{
  "model": "calculator.eligibilitycriteria",
  "pk": 16,
  "fields": {
    "benefit": 6,
    "criterion": "Child Age",
    "description": "Are you more than 10 weeks pregnant or have at least one child under 4 years old?",
    "value_type": "boolean",
    "value": "True",
    "match_type": "exact"
  }
},
{
  "model": "calculator.eligibilitycriteria",
  "pk": 17,
  "fields": {
    "benefit": 6,
    "criterion": "Income",
    "description": "Is your family’s annual income is £16,190 or less?",
    "value_type": "numeric",
    "value": "16190",
    "match_type": "lt"
  }
},
{
  "model": "articles.article",
  "pk": 2,
  "fields": {
    "title": "New You, Baby & Tummy Time",
    "subtitle": "New When can you start Tummy Time",
    "text": "<p>We will dive in to when you are able to do tummy time</p>\n<ul>\n<li><strong>Now</strong></li>\n<li><em>Then</em></li>\n<li><span style=\"text-decoration: underline;\">When</span></li>\n<li><span style=\"text-decoration: underline;\">New</span></li>\n</ul>",
    "creation_date": "2025-01-03T20:41:22.448Z",
    "last_updated": "2025-01-03T21:07:22.530Z",
    "source": "https://safetosleep.nichd.nih.gov/New/reduce-risk/tummy-time#:~:text=Tummy%20time%20tips&text=Babies%20benefit%20from%20having%20two,of%20total%20tummy%20time%20daily",
    "related_week": 3,
    "image": ""
  }
},
{
  "model": "articles.article",
  "pk": 3,
  "fields": {
    "title": "This Is an article with an image",
    "subtitle": "Look at this!",
    "text": "<p>All this stuff is just filler</p>",
    "creation_date": "2025-01-05T14:39:48.974Z",
    "last_updated": "2025-01-06T21:37:14.805Z",
    "source": null,
    "related_week": 6,
    "image": "article_images/EMP-690.jpg"
  }
},
{
  "model": "articles.article",
  "pk": 4,
  "fields": {
    "title": "New Article",
    "subtitle": "This is a subtitle",
    "text": "<p>look at this!</p>",
    "creation_date": "2025-01-06T20:24:13.986Z",
    "last_updated": "2025-01-06T20:36:11.205Z",
    "source": null,
    "related_week": null,
    "image": "article_images/Designer.jpeg"
  }
},
{
  "model": "articles.article",
  "pk": 5,
  "fields": {
    "title": "This is new",
    "subtitle": "try again",
    "text": "<p>jhgjghjhgj gfdgd</p>",
    "creation_date": "2025-01-06T20:48:08.759Z",
    "last_updated": "2025-01-06T21:03:59.258Z",
    "source": null,
    "related_week": null,
    "image": "article_images/Designer_F4bhSlU.jpeg"
  }
},
{
  "model": "articles.article",
  "pk": 6,
  "fields": {
    "title": "vcxxcvxcv",
    "subtitle": "try again",
    "text": "<p>xczvcxvxcvxcv</p>",
    "creation_date": "2025-01-06T22:02:01.960Z",
    "last_updated": "2025-01-06T22:02:01.961Z",
    "source": null,
    "related_week": null,
    "image": ""
  }
},
{
  "model": "articles.article",
  "pk": 39,
  "fields": {
    "title": "This is a personalised test",
    "subtitle": null,
    "text": "<p>{{ pregnant_person }} may be suffering from morning sickness at this stage.</p>",
    "creation_date": "2025-01-10T21:01:14.275Z",
    "last_updated": "2025-01-10T21:05:10.431Z",
    "source": null,
    "related_week": 3,
    "image": ""
  }
},
{
  "model": "articles.article",
  "pk": 40,
  "fields": {
    "title": "the",
    "subtitle": "This is a subtitle",
    "text": "<p>fefd</p>",
    "creation_date": "2025-01-18T15:09:28.794Z",
    "last_updated": "2025-01-18T15:09:28.840Z",
    "source": null,
    "related_week": 1,
    "image": ""
  }
},
{
  "model": "notifications.notification",
  "pk": 1,
  "fields": {
    "recipient": 38,
    "notification_message": "LiamFlynn has commented on your post '£6.00 of Pamper's Nappy packs'",
    "timestamp": "2025-02-19T21:07:51.095Z",
    "is_read": false
  }
},
{
  "model": "notifications.notification",
  "pk": 2,
  "fields": {
    "recipient": 39,
    "notification_message": "Your comment has just recieved an upvote",
    "timestamp": "2025-02-19T21:39:30.949Z",
    "is_read": true
  }
},
{
  "model": "notifications.notification",
  "pk": 3,
  "fields": {
    "recipient": 39,
    "notification_message": "Your comment has just recieved an upvote",
    "timestamp": "2025-02-19T21:50:06.050Z",
    "is_read": true
  }
},
{
  "model": "notifications.notification",
  "pk": 4,
  "fields": {
    "recipient": 39,
    "notification_message": "Your comment has just recieved an upvote",
    "timestamp": "2025-02-19T21:51:24.684Z",
    "is_read": true
  }
},
{
  "model": "notifications.notification",
  "pk": 5,
  "fields": {
    "recipient": 1,
    "notification_message": "Your comment has just received an upvote",
    "timestamp": "2025-02-20T20:52:25.486Z",
    "is_read": true
  }
},
{
  "model": "notifications.notification",
  "pk": 6,
  "fields": {
    "recipient": 1,
    "notification_message": "Your comment has just received an upvote",
    "timestamp": "2025-02-20T20:52:37.189Z",
    "is_read": true
  }
},
{
  "model": "notifications.notification",
  "pk": 7,
  "fields": {
    "recipient": 1,
    "notification_message": "Your comment has just received an upvote",
    "timestamp": "2025-02-20T20:52:42.653Z",
    "is_read": true
  }
},
{
  "model": "notifications.notification",
  "pk": 8,
  "fields": {
    "recipient": 38,
    "notification_message": "LiamFlynnTwo has commented on your post '£6.00 of Pamper's Nappy packs'",
    "timestamp": "2025-02-20T21:20:37.522Z",
    "is_read": false
  }
},
{
  "model": "notifications.notification",
  "pk": 9,
  "fields": {
    "recipient": 1,
    "notification_message": "Your comment was removed by one of our moderators.",
    "timestamp": "2025-02-20T21:27:56.811Z",
    "is_read": true
  }
},
{
  "model": "notifications.notification",
  "pk": 10,
  "fields": {
    "recipient": 38,
    "notification_message": "LiamFlynn has commented on your post 'New post'",
    "timestamp": "2025-02-22T14:51:35.342Z",
    "is_read": false
  }
},
{
  "model": "notifications.notification",
  "pk": 11,
  "fields": {
    "recipient": 1,
    "notification_message": "Your comment in New post just received an upvote!",
    "timestamp": "2025-02-22T15:11:25.609Z",
    "is_read": true
  }
},
{
  "model": "notifications.notification",
  "pk": 12,
  "fields": {
    "recipient": 1,
    "notification_message": "Your comment in New post just received an upvote!",
    "timestamp": "2025-02-22T15:11:30.589Z",
    "is_read": true
  }
},
{
  "model": "notifications.notification",
  "pk": 13,
  "fields": {
    "recipient": 1,
    "notification_message": "Your comment in New post just received an upvote!",
    "timestamp": "2025-02-22T15:11:31.515Z",
    "is_read": true
  }
},
{
  "model": "notifications.notification",
  "pk": 14,
  "fields": {
    "recipient": 1,
    "notification_message": "Your comment in 'New post' just received an upvote!",
    "timestamp": "2025-02-22T15:29:45.711Z",
    "is_read": true
  }
},
{
  "model": "notifications.notification",
  "pk": 15,
  "fields": {
    "recipient": 1,
    "notification_message": "Your comment in 'New post' just received an upvote!",
    "timestamp": "2025-02-22T15:29:50.609Z",
    "is_read": true
  }
},
{
  "model": "notifications.notification",
  "pk": 16,
  "fields": {
    "recipient": 1,
    "notification_message": "Your comment in 'New post' just received an upvote!",
    "timestamp": "2025-02-22T15:29:52.946Z",
    "is_read": true
  }
},
{
  "model": "notifications.notification",
  "pk": 17,
  "fields": {
    "recipient": 1,
    "notification_message": "Your comment in 'New post' just received an upvote!",
    "timestamp": "2025-02-22T15:29:53.937Z",
    "is_read": true
  }
},
{
  "model": "notifications.notification",
  "pk": 18,
  "fields": {
    "recipient": 38,
    "notification_message": "LiamFlynnTwo has commented on your post 'New post'",
    "timestamp": "2025-02-22T16:01:33.845Z",
    "is_read": false
  }
},
{
  "model": "notifications.notification",
  "pk": 19,
  "fields": {
    "recipient": 39,
    "notification_message": "Your comment in 'New post' just received an upvote!",
    "timestamp": "2025-02-22T16:02:44.394Z",
    "is_read": true
  }
},
{
  "model": "notifications.notification",
  "pk": 20,
  "fields": {
    "recipient": 1,
    "notification_message": "Your comment in 'New post' just received an upvote!",
    "timestamp": "2025-02-22T16:02:46.440Z",
    "is_read": true
  }
},
{
  "model": "notifications.notification",
  "pk": 21,
  "fields": {
    "recipient": 39,
    "notification_message": "Your comment in 'New post' just received an upvote!",
    "timestamp": "2025-02-22T16:02:49.171Z",
    "is_read": false
  }
},
{
  "model": "notifications.notification",
  "pk": 22,
  "fields": {
    "recipient": 39,
    "notification_message": "Your comment in 'New post' just received an upvote!",
    "timestamp": "2025-02-23T18:21:54.825Z",
    "is_read": false
  }
},
{
  "model": "notifications.notification",
  "pk": 23,
  "fields": {
    "recipient": 39,
    "notification_message": "Your comment in 'New post' just received an upvote!",
    "timestamp": "2025-02-23T18:50:39.730Z",
    "is_read": false
  }
},
{
  "model": "notifications.notification",
  "pk": 24,
  "fields": {
    "recipient": 36,
    "notification_message": "Your comment was removed by one of our moderators.",
    "timestamp": "2025-03-03T12:15:40.437Z",
    "is_read": false
  }
},
{
  "model": "notifications.notification",
  "pk": 25,
  "fields": {
    "recipient": 36,
    "notification_message": "Your comment was removed by one of our moderators.",
    "timestamp": "2025-03-03T12:21:34.524Z",
    "is_read": false
  }
},
{
  "model": "notifications.notification",
  "pk": 26,
  "fields": {
    "recipient": 36,
    "notification_message": "Your comment was removed by one of our moderators.",
    "timestamp": "2025-03-03T15:45:37.257Z",
    "is_read": false
  }
},
{
  "model": "tracker.developmentmilestone",
  "pk": 1,
  "fields": {
    "stage": "prenatal",
    "week": 1,
    "start_age_months": null,
    "end_age_months": null,
    "description": "<p>Your weeks of pregnancy are dated from the first day of your last period.</p>\n<p>&nbsp;</p>\n<p>This means that in the first 2 weeks or so, you are not actually pregnant &ndash; your body is preparing for ovulation (releasing an egg from one of your ovaries) as usual.</p>\n<p>&nbsp;</p>\n<p>Your \"getting pregnant\" timeline is:</p>\n<ul>\n<li>day 1: the first day of your period</li>\n<li>day 14 (or slightly before or after, depending how long your menstrual cycle&nbsp;is): you ovulate</li>\n<li>within 24 hours of ovulation, the egg is fertilised by sperm if you have had sex in the last few days without using contraception</li>\n<li>about 5 to 6 days after ovulation, the fertilised egg burrows into the lining of the womb &ndash; this is called implantation</li>\n<li>you're now pregnant</li>\n</ul>\n<p>&nbsp;</p>\n<p><strong>Information source</strong><br><a href=\"https://www.nhs.uk/pregnancy/week-by-week/1-to-12/1-2-3-weeks/\" target=\"_blank\">https://www.nhs.uk/pregnancy/week-by-week/1-to-12/1-2-3-weeks/</a></p>",
    "image": ""
  }
},
{
  "model": "tracker.developmentmilestone",
  "pk": 2,
  "fields": {
    "stage": "prenatal",
    "week": 2,
    "start_age_months": null,
    "end_age_months": null,
    "description": "<p>Your weeks of pregnancy are dated from the first day of your last period.</p>\n<p>&nbsp;</p>\n<p>This means that in the first 2 weeks or so, you are not actually pregnant &ndash; your body is preparing for ovulation (releasing an egg from one of your ovaries) as usual.</p>\n<p>&nbsp;</p>\n<p>Your \"getting pregnant\" timeline is:</p>\n<ul>\n<li>day 1: the first day of your period</li>\n<li>day 14 (or slightly before or after, depending how long your menstrual cycle&nbsp;is): you ovulate</li>\n<li>within 24 hours of ovulation, the egg is fertilised by sperm if you have had sex in the last few days without using contraception</li>\n<li>about 5 to 6 days after ovulation, the fertilised egg burrows into the lining of the womb &ndash; this is called implantation</li>\n<li>you're now pregnant</li>\n</ul>\n<p>&nbsp;</p>\n<p><strong>Information source</strong><br><a href=\"https://www.nhs.uk/pregnancy/week-by-week/1-to-12/1-2-3-weeks/\" target=\"_blank\">https://www.nhs.uk/pregnancy/week-by-week/1-to-12/1-2-3-weeks/</a></p>",
    "image": ""
  }
},
{
  "model": "tracker.developmentmilestone",
  "pk": 3,
  "fields": {
    "stage": "prenatal",
    "week": 4,
    "start_age_months": null,
    "end_age_months": null,
    "description": "<p>To the outside world, you'll look much the same as usual &ndash; but on the inside, your embryo is about the size of a poppy seed and some amazing things are happening.<br><br><strong>Image Source</strong><br><a href=\"https://www.naitreetgrandir.com\" target=\"_blank\">https://www.naitreetgrandir.com</a><br><strong>Information Source</strong><br><a href=\"https://www.nhs.uk/start-for-life/pregnancy/week-by-week-guide-to-pregnancy\" target=\"_blank\">https://www.nhs.uk/start-for-life/pregnancy/week-by-week-guide-to-pregnancy</a><br><br></p>",
    "image": "milestone_images/Baby_View_0004.jpg"
  }
},
{
  "model": "tracker.developmentmilestone",
  "pk": 6,
  "fields": {
    "stage": "prenatal",
    "week": 3,
    "start_age_months": null,
    "end_age_months": null,
    "description": "<p>Your weeks of pregnancy are dated from the first day of your last period.</p>\n<p>&nbsp;</p>\n<p>This means that in the first 2 weeks or so, you are not actually pregnant &ndash; your body is preparing for ovulation (releasing an egg from one of your ovaries) as usual.</p>\n<p>&nbsp;</p>\n<p>Your \"getting pregnant\" timeline is:</p>\n<ul>\n<li>day 1: the first day of your period</li>\n<li>day 14 (or slightly before or after, depending how long your menstrual cycle&nbsp;is): you ovulate</li>\n<li>within 24 hours of ovulation, the egg is fertilised by sperm if you have had sex in the last few days without using contraception</li>\n<li>about 5 to 6 days after ovulation, the fertilised egg burrows into the lining of the womb &ndash; this is called implantation</li>\n<li>you're now pregnant</li>\n</ul>\n<p>&nbsp;</p>\n<p><strong>Information source</strong><br><a href=\"https://www.nhs.uk/pregnancy/week-by-week/1-to-12/1-2-3-weeks/\" target=\"_blank\">https://www.nhs.uk/pregnancy/week-by-week/1-to-12/1-2-3-weeks/</a></p>",
    "image": ""
  }
},
{
  "model": "tracker.developmentmilestone",
  "pk": 8,
  "fields": {
    "stage": "prenatal",
    "week": 40,
    "start_age_months": null,
    "end_age_months": null,
    "description": "<p>The wait is nearly over. Within days, you'll get to meet your baby. It's been quite a journey, but the real adventure starts when your little one is born.</p>\n<p><br><strong>Image Source</strong><br><a href=\"https://www.naitreetgrandir.com\" target=\"_blank\">https://www.naitreetgrandir.com</a><br><strong>Information Source</strong><br><a href=\"https://www.nhs.uk/start-for-life/pregnancy/week-by-week-guide-to-pregnancy\" target=\"_blank\">https://www.nhs.uk/start-for-life/pregnancy/week-by-week-guide-to-pregnancy</a></p>",
    "image": "milestone_images/Baby_View_0040.jpg"
  }
},
{
  "model": "tracker.developmentmilestone",
  "pk": 9,
  "fields": {
    "stage": "prenatal",
    "week": 38,
    "start_age_months": null,
    "end_age_months": null,
    "description": "<p>Your baby is now \"full term\" and could come any day now!</p>\n<p>&nbsp;</p>\n<p><strong>Image Source</strong><br><a href=\"https://www.naitreetgrandir.com\" target=\"_blank\">https://www.naitreetgrandir.com</a><br><strong>Information Source</strong><br><a href=\"https://www.nhs.uk/start-for-life/pregnancy/week-by-week-guide-to-pregnancy\" target=\"_blank\">https://www.nhs.uk/start-for-life/pregnancy/week-by-week-guide-to-pregnancy</a></p>",
    "image": "milestone_images/Baby_View_0038.jpg"
  }
},
{
  "model": "tracker.developmentmilestone",
  "pk": 10,
  "fields": {
    "stage": "prenatal",
    "week": 34,
    "start_age_months": null,
    "end_age_months": null,
    "description": "<p>You will have a week 34 antenatal appointment&nbsp;this week. Remember to keep eating healthily, take gentle exercise, and rest often.</p>\n<p>&nbsp;</p>\n<p><strong>Image Source</strong><br><a href=\"https://www.naitreetgrandir.com\" target=\"_blank\">https://www.naitreetgrandir.com</a><br><strong>Information Source</strong><br><a href=\"https://www.nhs.uk/start-for-life/pregnancy/week-by-week-guide-to-pregnancy\" target=\"_blank\">https://www.nhs.uk/start-for-life/pregnancy/week-by-week-guide-to-pregnancy</a></p>",
    "image": "milestone_images/Baby_View_0034.jpg"
  }
},
{
  "model": "tracker.developmentmilestone",
  "pk": 11,
  "fields": {
    "stage": "prenatal",
    "week": 31,
    "start_age_months": null,
    "end_age_months": null,
    "description": "<p>This might be hard to believe, but you are almost there!</p>\n<p>&nbsp;</p>\n<p>You're very unlikely to go beyond another 9 or 10 weeks. You could have your baby in just 6 weeks, which would not be considered early.</p>\n<p>&nbsp;</p>\n<p><strong>Image Source</strong><br><a href=\"https://www.naitreetgrandir.com\" target=\"_blank\">https://www.naitreetgrandir.com</a><br><strong>Information Source</strong><br><a href=\"https://www.nhs.uk/start-for-life/pregnancy/week-by-week-guide-to-pregnancy\" target=\"_blank\">https://www.nhs.uk/start-for-life/pregnancy/week-by-week-guide-to-pregnancy</a></p>",
    "image": "milestone_images/Baby_View_0031.jpg"
  }
},
{
  "model": "tracker.developmentmilestone",
  "pk": 44,
  "fields": {
    "stage": "prenatal",
    "week": 37,
    "start_age_months": null,
    "end_age_months": null,
    "description": "<p>Your baby could come any day now &ndash; and this would not be considered early.</p>\n<p>&nbsp;</p>\n<p>Your baby is now \"full term\", which means that they're probably big enough, and mature enough, to survive in the outside world. However, you still may have to wait another few weeks.</p>\n<p>&nbsp;</p>\n<p>If you're carrying twins, then you will probably give birth this week. Twin pregnancies rarely go beyond 38 weeks.<br><br><strong>Image Source<br></strong><a href=\"https://www.naitreetgrandir.com\">https://www.naitreetgrandir.com</a><br><strong>Information Source<br></strong><a href=\"https://www.nhs.uk/start-for-life/pregnancy/week-by-week-guide-to-pregnancy\">https://www.nhs.uk/start-for-life/pregnancy/week-by-week-guide-to-pregnancy</a></p>",
    "image": "milestone_images/Baby_View_0037.jpg"
  }
},
{
  "model": "tracker.developmentmilestone",
  "pk": 45,
  "fields": {
    "stage": "prenatal",
    "week": 5,
    "start_age_months": null,
    "end_age_months": null,
    "description": "<p>Many women realise that they're pregnant around week 5. If you're wondering when to take a pregnancy test, now is a good time.<br><br><strong>Image Source</strong><br><a href=\"https://www.naitreetgrandir.com\" target=\"_blank\">https://www.naitreetgrandir.com</a><br><strong>Information Source</strong><br><a href=\"https://www.nhs.uk/start-for-life/pregnancy/week-by-week-guide-to-pregnancy\" target=\"_blank\">https://www.nhs.uk/start-for-life/pregnancy/week-by-week-guide-to-pregnancy</a></p>",
    "image": "milestone_images/Baby_View_0005.jpg"
  }
},
{
  "model": "tracker.developmentmilestone",
  "pk": 46,
  "fields": {
    "stage": "prenatal",
    "week": 6,
    "start_age_months": null,
    "end_age_months": null,
    "description": "<p>Now the size of a baked bean, your baby is growing and changing at a fast pace. To achieve this, they get everything they need from you.<br><br><strong>Image Source</strong><br><a href=\"https://www.naitreetgrandir.com\" target=\"_blank\">https://www.naitreetgrandir.com</a><br><strong>Information Source</strong><br><a href=\"https://www.nhs.uk/start-for-life/pregnancy/week-by-week-guide-to-pregnancy\" target=\"_blank\">https://www.nhs.uk/start-for-life/pregnancy/week-by-week-guide-to-pregnancy</a></p>",
    "image": "milestone_images/Baby_View_0006.jpg"
  }
},
{
  "model": "tracker.developmentmilestone",
  "pk": 47,
  "fields": {
    "stage": "prenatal",
    "week": 7,
    "start_age_months": null,
    "end_age_months": null,
    "description": "<p>Have you started to share the news yet? When you start telling friends and family is entirely up to you.</p>\n<p>&nbsp;</p>\n<p>Legally you do not have to tell your employer until the 15th week before the baby is due, which is about 4 months away.<br><br><br><strong>Image Source</strong><br><a href=\"https://www.naitreetgrandir.com\" target=\"_blank\">https://www.naitreetgrandir.com</a><br><strong>Information Source</strong><br><a href=\"https://www.nhs.uk/start-for-life/pregnancy/week-by-week-guide-to-pregnancy\" target=\"_blank\">https://www.nhs.uk/start-for-life/pregnancy/week-by-week-guide-to-pregnancy</a></p>",
    "image": "milestone_images/Baby_View_0007.jpg"
  }
},
{
  "model": "tracker.developmentmilestone",
  "pk": 48,
  "fields": {
    "stage": "prenatal",
    "week": 8,
    "start_age_months": null,
    "end_age_months": null,
    "description": "<p>You might be feeling bloated and you may have slightly swollen breasts, but it will probably be a few more weeks before you start looking pregnant.<br><br><strong>Image Source</strong><br><a href=\"https://www.naitreetgrandir.com\" target=\"_blank\">https://www.naitreetgrandir.com</a><br><strong>Information Source</strong><br><a href=\"https://www.nhs.uk/start-for-life/pregnancy/week-by-week-guide-to-pregnancy\" target=\"_blank\">https://www.nhs.uk/start-for-life/pregnancy/week-by-week-guide-to-pregnancy</a></p>",
    "image": "milestone_images/Baby_View_0008.jpg"
  }
},
{
  "model": "tracker.developmentmilestone",
  "pk": 49,
  "fields": {
    "stage": "prenatal",
    "week": 9,
    "start_age_months": null,
    "end_age_months": null,
    "description": "<p>Your breasts will be bigger now and your waist may be thickening a little. Your pregnancy hormones are flooding your body, which may still be causing you to feel unwell.<br><br>Thankfully this will not last forever. In a month, you'll be entering the second trimester&nbsp;when many people start to feel lots better.</p>\n<p>&nbsp;</p>\n<p><strong>Image Source</strong><br><a href=\"https://www.naitreetgrandir.com\" target=\"_blank\">https://www.naitreetgrandir.com</a><br><strong>Information Source</strong><br><a href=\"https://www.nhs.uk/start-for-life/pregnancy/week-by-week-guide-to-pregnancy\" target=\"_blank\">https://www.nhs.uk/start-for-life/pregnancy/week-by-week-guide-to-pregnancy</a></p>",
    "image": "milestone_images/Baby_View_0009.jpg"
  }
},
{
  "model": "tracker.developmentmilestone",
  "pk": 50,
  "fields": {
    "stage": "prenatal",
    "week": 10,
    "start_age_months": null,
    "end_age_months": null,
    "description": "<p>Welcome to week 10. Pregnancy is divided into 3 chunks, called \"trimesters\". You are nearly at the end of your 1st trimester.</p>\n<p>&nbsp;</p>\n<p>By the second trimester you will probably have lots more energy and all those signs of early pregnancy will gradually fade away.</p>\n<p>&nbsp;</p>\n<p>Around now, you may have a booking appointment&nbsp;with a midwife. You'll be asked lots of questions about your health and medical history. You can ask lots of questions too.<br><br><br><strong>Image Source</strong><br><a href=\"https://www.naitreetgrandir.com\" target=\"_blank\">https://www.naitreetgrandir.com</a><br><strong>Information Source</strong><br><a href=\"https://www.nhs.uk/start-for-life/pregnancy/week-by-week-guide-to-pregnancy\" target=\"_blank\">https://www.nhs.uk/start-for-life/pregnancy/week-by-week-guide-to-pregnancy</a></p>",
    "image": "milestone_images/Baby_View_0010.jpg"
  }
},
{
  "model": "tracker.developmentmilestone",
  "pk": 51,
  "fields": {
    "stage": "prenatal",
    "week": 11,
    "start_age_months": null,
    "end_age_months": null,
    "description": "<p>You only have 2 weeks until you start your second trimester.&nbsp;This is when many women start to \"glow\" and regain their energy as their hormones settle down.</p>\n<p>&nbsp;</p>\n<p>You'll be offered a range of tests around now that will look at your blood, urine and blood pressure. These tests provide an opportunity to have yours and your baby's health checked.</p>\n<p>&nbsp;</p>\n<p><strong>Image Source</strong><br><a href=\"https://www.naitreetgrandir.com\" target=\"_blank\">https://www.naitreetgrandir.com</a><br><strong>Information Source</strong><br><a href=\"https://www.nhs.uk/start-for-life/pregnancy/week-by-week-guide-to-pregnancy\" target=\"_blank\">https://www.nhs.uk/start-for-life/pregnancy/week-by-week-guide-to-pregnancy</a></p>",
    "image": "milestone_images/Baby_View_0011.jpg"
  }
},
{
  "model": "tracker.developmentmilestone",
  "pk": 52,
  "fields": {
    "stage": "prenatal",
    "week": 12,
    "start_age_months": null,
    "end_age_months": null,
    "description": "<p>Your baby is now about the size of a plum, and hopefully you are starting to feel much better as the 1st trimester comes to a close.<br><br><br><strong>Image Source</strong><br><a href=\"https://www.naitreetgrandir.com\" target=\"_blank\">https://www.naitreetgrandir.com</a><br><strong>Information Source</strong><br><a href=\"https://www.nhs.uk/start-for-life/pregnancy/week-by-week-guide-to-pregnancy\" target=\"_blank\">https://www.nhs.uk/start-for-life/pregnancy/week-by-week-guide-to-pregnancy</a></p>",
    "image": "milestone_images/Baby_View_0012.jpg"
  }
},
{
  "model": "tracker.developmentmilestone",
  "pk": 53,
  "fields": {
    "stage": "prenatal",
    "week": 13,
    "start_age_months": null,
    "end_age_months": null,
    "description": "<p>You are now a 3rd of the way through your pregnancy and you're hopefully through the worst of your symptoms.<br><br><strong>Image Source</strong><br><a href=\"https://www.naitreetgrandir.com\" target=\"_blank\">https://www.naitreetgrandir.com</a><br><strong>Information Source</strong><br><a href=\"https://www.nhs.uk/start-for-life/pregnancy/week-by-week-guide-to-pregnancy\" target=\"_blank\">https://www.nhs.uk/start-for-life/pregnancy/week-by-week-guide-to-pregnancy</a></p>",
    "image": "milestone_images/Baby_View_0013.jpg"
  }
},
{
  "model": "tracker.developmentmilestone",
  "pk": 54,
  "fields": {
    "stage": "prenatal",
    "week": 14,
    "start_age_months": null,
    "end_age_months": null,
    "description": "<p>Hopefully you are starting to feel less tired and sick now. As your energy levels return, your appetite might too.</p>\n<p><br>Remember, your baby does not need any extra calories at this point. Too much weight gain in pregnancy is not good for you or your baby.</p>\n<p><br>If you get hungry between meals try sticking to healthy snacks.</p>\n<p><br><strong>Image Source</strong><br><a href=\"https://www.naitreetgrandir.com\" target=\"_blank\">https://www.naitreetgrandir.com</a><br><strong>Information Source</strong><br><a href=\"https://www.nhs.uk/start-for-life/pregnancy/week-by-week-guide-to-pregnancy\" target=\"_blank\">https://www.nhs.uk/start-for-life/pregnancy/week-by-week-guide-to-pregnancy</a></p>",
    "image": "milestone_images/Baby_View_0014.jpg"
  }
},
{
  "model": "tracker.developmentmilestone",
  "pk": 55,
  "fields": {
    "stage": "prenatal",
    "week": 15,
    "start_age_months": null,
    "end_age_months": null,
    "description": "<p>If you use public transport, you might want to order a \"Baby on Board\" badge&nbsp;to prompt other commuters into giving up their seat for you.<br><br></p>\n<p>You might feel fine now, but as you get bigger, you will be more unstable on your feet, and falling over could be stressful and even dangerous.<br><br><br><strong>Image Source</strong><br><a href=\"https://www.naitreetgrandir.com\" target=\"_blank\">https://www.naitreetgrandir.com</a><br><strong>Information Source</strong><br><a href=\"https://www.nhs.uk/start-for-life/pregnancy/week-by-week-guide-to-pregnancy\" target=\"_blank\">https://www.nhs.uk/start-for-life/pregnancy/week-by-week-guide-to-pregnancy</a></p>",
    "image": "milestone_images/Baby_View_0015.jpg"
  }
},
{
  "model": "tracker.developmentmilestone",
  "pk": 56,
  "fields": {
    "stage": "prenatal",
    "week": 16,
    "start_age_months": null,
    "end_age_months": null,
    "description": "<p>Your baby is growing quickly and about to have another growth spurt. You will probably have put on some weight over the past few weeks too.</p>\n<p>&nbsp;</p>\n<p><strong>Image Source</strong><br><a href=\"https://www.naitreetgrandir.com\" target=\"_blank\">https://www.naitreetgrandir.com</a><br><strong>Information Source</strong><br><a href=\"https://www.nhs.uk/start-for-life/pregnancy/week-by-week-guide-to-pregnancy\" target=\"_blank\">https://www.nhs.uk/start-for-life/pregnancy/week-by-week-guide-to-pregnancy</a></p>",
    "image": "milestone_images/Baby_View_0016.jpg"
  }
},
{
  "model": "tracker.developmentmilestone",
  "pk": 57,
  "fields": {
    "stage": "prenatal",
    "week": 17,
    "start_age_months": null,
    "end_age_months": null,
    "description": "<p>You might start to feel your baby move now. You will not be able to tell exactly what they're up to, but soon you could be feeling every kick, punch, hiccup and somersault.</p>\n<p>&nbsp;</p>\n<p><strong>Image Source</strong><br><a href=\"https://www.naitreetgrandir.com\" target=\"_blank\">https://www.naitreetgrandir.com</a><br><strong>Information Source</strong><br><a href=\"https://www.nhs.uk/start-for-life/pregnancy/week-by-week-guide-to-pregnancy\" target=\"_blank\">https://www.nhs.uk/start-for-life/pregnancy/week-by-week-guide-to-pregnancy</a></p>",
    "image": "milestone_images/Baby_View_0017.jpg"
  }
},
{
  "model": "tracker.developmentmilestone",
  "pk": 58,
  "fields": {
    "stage": "prenatal",
    "week": 18,
    "start_age_months": null,
    "end_age_months": null,
    "description": "<p>You may feel your baby move for the first time around now. If so, it may feel like a gentle fluttering sensation.</p>\n<p>&nbsp;</p>\n<p><strong>Image Source</strong><br><a href=\"https://www.naitreetgrandir.com\" target=\"_blank\">https://www.naitreetgrandir.com</a><br><strong>Information Source</strong><br><a href=\"https://www.nhs.uk/start-for-life/pregnancy/week-by-week-guide-to-pregnancy\" target=\"_blank\">https://www.nhs.uk/start-for-life/pregnancy/week-by-week-guide-to-pregnancy</a></p>",
    "image": "milestone_images/Baby_View_0018.jpg"
  }
},
{
  "model": "tracker.developmentmilestone",
  "pk": 59,
  "fields": {
    "stage": "prenatal",
    "week": 19,
    "start_age_months": null,
    "end_age_months": null,
    "description": "<p>You might think that bubbling feeling in your tummy is wind, but it could be your baby moving. You'll soon be able to recognise their movements.</p>\n<p>&nbsp;</p>\n<p><strong>Image Source</strong><br><a href=\"https://www.naitreetgrandir.com\" target=\"_blank\">https://www.naitreetgrandir.com</a><br><strong>Information Source</strong><br><a href=\"https://www.nhs.uk/start-for-life/pregnancy/week-by-week-guide-to-pregnancy\" target=\"_blank\">https://www.nhs.uk/start-for-life/pregnancy/week-by-week-guide-to-pregnancy</a></p>",
    "image": "milestone_images/Baby_View_0019.jpg"
  }
},
{
  "model": "tracker.developmentmilestone",
  "pk": 60,
  "fields": {
    "stage": "prenatal",
    "week": 20,
    "start_age_months": null,
    "end_age_months": null,
    "description": "<p>You're now halfway through your pregnancy!</p>\n<p>&nbsp;</p>\n<p><strong>Image Source</strong><br><a href=\"https://www.naitreetgrandir.com\" target=\"_blank\">https://www.naitreetgrandir.com</a><br><strong>Information Source</strong><br><a href=\"https://www.nhs.uk/start-for-life/pregnancy/week-by-week-guide-to-pregnancy\" target=\"_blank\">https://www.nhs.uk/start-for-life/pregnancy/week-by-week-guide-to-pregnancy</a></p>",
    "image": "milestone_images/Baby_View_0020.jpg"
  }
},
{
  "model": "tracker.developmentmilestone",
  "pk": 61,
  "fields": {
    "stage": "prenatal",
    "week": 21,
    "start_age_months": null,
    "end_age_months": null,
    "description": "<p>As you start the 2nd half of your pregnancy, you'll be entering a period of rapid growth.<br><br></p>\n<p>Your baby is getting ready for life outside the womb and developing essential skills including sucking and breathing.</p>\n<p>&nbsp;</p>\n<p><strong>Image Source</strong><br><a href=\"https://www.naitreetgrandir.com\" target=\"_blank\">https://www.naitreetgrandir.com</a><br><strong>Information Source</strong><br><a href=\"https://www.nhs.uk/start-for-life/pregnancy/week-by-week-guide-to-pregnancy\" target=\"_blank\">https://www.nhs.uk/start-for-life/pregnancy/week-by-week-guide-to-pregnancy</a></p>",
    "image": "milestone_images/Baby_View_0021.jpg"
  }
},
{
  "model": "tracker.developmentmilestone",
  "pk": 62,
  "fields": {
    "stage": "prenatal",
    "week": 22,
    "start_age_months": null,
    "end_age_months": null,
    "description": "<p>This is a good week to talk to your bump, sing to it, caress it with moisturiser and you might even feel a little flutter in response. It's all part of bonding with your unborn baby who, as you can probably tell, is getting bigger by the day.</p>\n<p>&nbsp;</p>\n<p><strong>Image Source</strong><br><a href=\"https://www.naitreetgrandir.com\" target=\"_blank\">https://www.naitreetgrandir.com</a><br><strong>Information Source</strong><br><a href=\"https://www.nhs.uk/start-for-life/pregnancy/week-by-week-guide-to-pregnancy\" target=\"_blank\">https://www.nhs.uk/start-for-life/pregnancy/week-by-week-guide-to-pregnancy</a></p>",
    "image": "milestone_images/Baby_View_0022.jpg"
  }
},
{
  "model": "tracker.developmentmilestone",
  "pk": 63,
  "fields": {
    "stage": "prenatal",
    "week": 23,
    "start_age_months": null,
    "end_age_months": null,
    "description": "<p>Week by week, you're hitting new milestones in your pregnancy as your baby prepares for life outside the womb.</p>\n<p>&nbsp;</p>\n<p>Around this time, your baby is practising breathing, and getting into patterns of sleeping and waking.</p>\n<p>&nbsp;</p>\n<p><strong>Image Source</strong><br><a href=\"https://www.naitreetgrandir.com\" target=\"_blank\">https://www.naitreetgrandir.com</a><br><strong>Information Source</strong><br><a href=\"https://www.nhs.uk/start-for-life/pregnancy/week-by-week-guide-to-pregnancy\" target=\"_blank\">https://www.nhs.uk/start-for-life/pregnancy/week-by-week-guide-to-pregnancy</a></p>",
    "image": "milestone_images/Baby_View_0023.jpg"
  }
},
{
  "model": "tracker.developmentmilestone",
  "pk": 64,
  "fields": {
    "stage": "prenatal",
    "week": 24,
    "start_age_months": null,
    "end_age_months": null,
    "description": "<p>Your baby is now considered \"viable\", which means they could survive if they were born right now and given the right support.<br><br><br><strong>Image Source</strong><br><a href=\"https://www.naitreetgrandir.com\" target=\"_blank\">https://www.naitreetgrandir.com</a><br><strong>Information Source</strong><br><a href=\"https://www.nhs.uk/start-for-life/pregnancy/week-by-week-guide-to-pregnancy\" target=\"_blank\">https://www.nhs.uk/start-for-life/pregnancy/week-by-week-guide-to-pregnancy</a></p>",
    "image": "milestone_images/Baby_View_0024.jpg"
  }
},
{
  "model": "tracker.developmentmilestone",
  "pk": 65,
  "fields": {
    "stage": "prenatal",
    "week": 25,
    "start_age_months": null,
    "end_age_months": null,
    "description": "<p>Welcome to week 25! You'll need to tell your employers now, if you have not already, so that you can get maternity pay and benefits.<br><br></p>\n<p>If your partner plans to take paternity leave, they will need to tell their employer too. Did you know that female partners are also entitled to paternity leave?<br><br><br><strong>Image Source</strong><br><a href=\"https://www.naitreetgrandir.com\" target=\"_blank\">https://www.naitreetgrandir.com</a><br><strong>Information Source</strong><br><a href=\"https://www.nhs.uk/start-for-life/pregnancy/week-by-week-guide-to-pregnancy\" target=\"_blank\">https://www.nhs.uk/start-for-life/pregnancy/week-by-week-guide-to-pregnancy</a></p>",
    "image": "milestone_images/Baby_View_0025.jpg"
  }
},
{
  "model": "tracker.developmentmilestone",
  "pk": 66,
  "fields": {
    "stage": "prenatal",
    "week": 26,
    "start_age_months": null,
    "end_age_months": null,
    "description": "<p>As you approach the 3rd trimester, you might be feeling more tired, and a bit more clumsy and uncoordinated.<br><br></p>\n<p>That's understandable. It's hard carrying around extra weight and also your centre of gravity will have changed with your growing bump, and that affects your sense of balance.<br><br></p>\n<p>You may need to allow yourself more time to do your usual activities, like your daily walk to the bus stop.<br><br></p>\n<p>It's important to stay active but your body's changing all the time, so be patient with yourself.<br><br><br><strong>Image Source</strong><br><a href=\"https://www.naitreetgrandir.com\" target=\"_blank\">https://www.naitreetgrandir.com</a><br><strong>Information Source</strong><br><a href=\"https://www.nhs.uk/start-for-life/pregnancy/week-by-week-guide-to-pregnancy\" target=\"_blank\">https://www.nhs.uk/start-for-life/pregnancy/week-by-week-guide-to-pregnancy</a></p>",
    "image": "milestone_images/Baby_View_0026.jpg"
  }
},
{
  "model": "tracker.developmentmilestone",
  "pk": 67,
  "fields": {
    "stage": "prenatal",
    "week": 27,
    "start_age_months": null,
    "end_age_months": null,
    "description": "<p>Congratulations! You've reached the final week of your 2nd trimester and are two-thirds of the way through your pregnancy.</p>\n<p><br>Next week you'll start the 3rd and final trimester.<br><br></p>\n<p><strong>Image Source</strong><br><a href=\"https://www.naitreetgrandir.com\" target=\"_blank\">https://www.naitreetgrandir.com</a><br><strong>Information Source</strong><br><a href=\"https://www.nhs.uk/start-for-life/pregnancy/week-by-week-guide-to-pregnancy\" target=\"_blank\">https://www.nhs.uk/start-for-life/pregnancy/week-by-week-guide-to-pregnancy</a></p>",
    "image": "milestone_images/Baby_View_0027.jpg"
  }
},
{
  "model": "tracker.developmentmilestone",
  "pk": 68,
  "fields": {
    "stage": "prenatal",
    "week": 28,
    "start_age_months": null,
    "end_age_months": null,
    "description": "<p>Welcome to the 3rd and final trimester!</p>\n<p><br>Over the next few weeks, you will probably start to feel a bit more uncomfortable and tired.<br><br><br><strong>Image Source</strong><br><a href=\"https://www.naitreetgrandir.com\" target=\"_blank\">https://www.naitreetgrandir.com</a><br><strong>Information Source</strong><br><a href=\"https://www.nhs.uk/start-for-life/pregnancy/week-by-week-guide-to-pregnancy\" target=\"_blank\">https://www.nhs.uk/start-for-life/pregnancy/week-by-week-guide-to-pregnancy</a></p>",
    "image": "milestone_images/Baby_View_0028.jpg"
  }
},
{
  "model": "tracker.developmentmilestone",
  "pk": 69,
  "fields": {
    "stage": "prenatal",
    "week": 29,
    "start_age_months": null,
    "end_age_months": null,
    "description": "<p>Are you feeling excited? Or nervous? Or maybe you're a bit of both? Being pregnant stirs up all kinds of emotions.<br><br></p>\n<p>The important thing to do during pregnancy is to talk to friends, family, your midwife or doctor, and discuss anything that's worrying you.<br><br><br><strong>Image Source</strong><br><a href=\"https://www.naitreetgrandir.com\" target=\"_blank\">https://www.naitreetgrandir.com</a><br><strong>Information Source</strong><br><a href=\"https://www.nhs.uk/start-for-life/pregnancy/week-by-week-guide-to-pregnancy\" target=\"_blank\">https://www.nhs.uk/start-for-life/pregnancy/week-by-week-guide-to-pregnancy</a></p>",
    "image": "milestone_images/Baby_View_0029.jpg"
  }
},
{
  "model": "tracker.developmentmilestone",
  "pk": 70,
  "fields": {
    "stage": "prenatal",
    "week": 30,
    "start_age_months": null,
    "end_age_months": null,
    "description": "<p>You're three-quarters of the way there now!<br><br></p>\n<p>You might already feel like you're ready to drop, but you and your baby have some more growing to do over the next few weeks.<br><br><br><strong>Image Source</strong><br><a href=\"https://www.naitreetgrandir.com\" target=\"_blank\">https://www.naitreetgrandir.com</a><br><strong>Information Source</strong><br><a href=\"https://www.nhs.uk/start-for-life/pregnancy/week-by-week-guide-to-pregnancy\" target=\"_blank\">https://www.nhs.uk/start-for-life/pregnancy/week-by-week-guide-to-pregnancy</a></p>",
    "image": "milestone_images/Baby_View_0030.jpg"
  }
},
{
  "model": "tracker.developmentmilestone",
  "pk": 71,
  "fields": {
    "stage": "prenatal",
    "week": 32,
    "start_age_months": null,
    "end_age_months": null,
    "description": "<p>You might find your bump is making it harder to walk and making you \"waddle\". That's your body's way of compensating for all that extra weight up front.</p>\n<p>&nbsp;</p>\n<p><strong>Image Source</strong><br><a href=\"https://www.naitreetgrandir.com\" target=\"_blank\">https://www.naitreetgrandir.com</a><br><strong>Information Source</strong><br><a href=\"https://www.nhs.uk/start-for-life/pregnancy/week-by-week-guide-to-pregnancy\" target=\"_blank\">https://www.nhs.uk/start-for-life/pregnancy/week-by-week-guide-to-pregnancy</a></p>",
    "image": "milestone_images/Baby_View_0032.jpg"
  }
},
{
  "model": "tracker.developmentmilestone",
  "pk": 72,
  "fields": {
    "stage": "prenatal",
    "week": 33,
    "start_age_months": null,
    "end_age_months": null,
    "description": "<p>With around 6 weeks to go, you might be feeling really tired now, which is not surprising, as you're now carrying around an extra couple of kilograms!</p>\n<p>&nbsp;</p>\n<p><strong>Image Source</strong><br><a href=\"https://www.naitreetgrandir.com\" target=\"_blank\">https://www.naitreetgrandir.com</a><br><strong>Information Source</strong><br><a href=\"https://www.nhs.uk/start-for-life/pregnancy/week-by-week-guide-to-pregnancy\" target=\"_blank\">https://www.nhs.uk/start-for-life/pregnancy/week-by-week-guide-to-pregnancy</a></p>",
    "image": "milestone_images/Baby_View_0033.jpg"
  }
},
{
  "model": "tracker.developmentmilestone",
  "pk": 73,
  "fields": {
    "stage": "prenatal",
    "week": 35,
    "start_age_months": null,
    "end_age_months": null,
    "description": "<p>Many women choose to begin their maternity leave around now, and then use the next few weeks to prepare for the baby's arrival. Others prefer to work until the birth.<br><br></p>\n<p>Do what feels right for you.<br><br><br><strong>Image Source</strong><br><a href=\"https://www.naitreetgrandir.com\" target=\"_blank\">https://www.naitreetgrandir.com</a><br><strong>Information Source</strong><br><a href=\"https://www.nhs.uk/start-for-life/pregnancy/week-by-week-guide-to-pregnancy\" target=\"_blank\">https://www.nhs.uk/start-for-life/pregnancy/week-by-week-guide-to-pregnancy</a></p>",
    "image": "milestone_images/Baby_View_0035.jpg"
  }
},
{
  "model": "tracker.developmentmilestone",
  "pk": 74,
  "fields": {
    "stage": "prenatal",
    "week": 36,
    "start_age_months": null,
    "end_age_months": null,
    "description": "<p>You'll have an antenatal appointment around now with your doctor or midwife. This will check on your blood pressure, urine, and the size of your bump.<br><br></p>\n<p>You may not feel like going, as it's such an effort to get anywhere, but make them a priority.<br><br></p>\n<p>These appointments save lives as they can pick up on changes in your body that you might not be aware of, such as very high blood pressure.<br><br><br><strong>Image Source</strong><br><a href=\"https://www.naitreetgrandir.com\" target=\"_blank\">https://www.naitreetgrandir.com</a><br><strong>Information Source</strong><br><a href=\"https://www.nhs.uk/start-for-life/pregnancy/week-by-week-guide-to-pregnancy\" target=\"_blank\">https://www.nhs.uk/start-for-life/pregnancy/week-by-week-guide-to-pregnancy</a></p>",
    "image": "milestone_images/Baby_View_0036.jpg"
  }
},
{
  "model": "tracker.developmentmilestone",
  "pk": 75,
  "fields": {
    "stage": "prenatal",
    "week": 39,
    "start_age_months": null,
    "end_age_months": null,
    "description": "<p>Pregnancy normally lasts around 40 weeks and most women will go into labour a week either side of their due date. That means any day now!</p>\n<p>&nbsp;</p>\n<p><strong>Image Source</strong><br><a href=\"https://www.naitreetgrandir.com\" target=\"_blank\">https://www.naitreetgrandir.com</a><br><strong>Information Source</strong><br><a href=\"https://www.nhs.uk/start-for-life/pregnancy/week-by-week-guide-to-pregnancy\" target=\"_blank\">https://www.nhs.uk/start-for-life/pregnancy/week-by-week-guide-to-pregnancy</a></p>",
    "image": "milestone_images/Baby_View_0039.jpg"
  }
},
{
  "model": "tracker.developmentmilestone",
  "pk": 76,
  "fields": {
    "stage": "postnatal",
    "week": null,
    "start_age_months": 0,
    "end_age_months": 2,
    "description": "<p>At around two months you can expect your child to be able to do the following:</p>\n<p>&nbsp;</p>\n<p><strong>Physical</strong></p>\n<ul>\n<li>Whilst laying on tummy, baby turns their head to the side</li>\n<li>Whilst laying on back, baby waves arms, legs and wiggles/squirms</li>\n<li>Briefly holds a toy when you place it in their hand</li>\n<li>Follows an object or person with both eyes</li>\n</ul>\n<p>&nbsp;</p>\n<p><strong>Communication</strong></p>\n<ul>\n<li>Be able to make cooing sounds such as &lsquo;aaah&rsquo;, &lsquo;gah&rsquo;, &lsquo;ooo&rsquo;</li>\n<li>Baby smiles when spoken to</li>\n<li>When you talk to your baby, they make sounds back to you</li>\n<li>Cries when wet, hungry tired or wants to be held</li>\n<li>Eye to eye contact is deliberately maintained</li>\n<li>Turns to voices</li>\n</ul>\n<p>&nbsp;</p>\n<p><strong>Information Source:</strong><br><a href=\"https://www.cambscommunityservices.nhs.uk/advice/staying-safe/childhood-development/milestones\" target=\"_blank\">https://www.cambscommunityservices.nhs.uk/advice/staying-safe/childhood-development/milestones</a></p>",
    "image": ""
  }
},
{
  "model": "tracker.developmentmilestone",
  "pk": 77,
  "fields": {
    "stage": "postnatal",
    "week": null,
    "start_age_months": 2,
    "end_age_months": 4,
    "description": "<p>At around four months you can expect your child to be able to do the following:</p>\n<p>&nbsp;</p>\n<p><strong>Physical</strong></p>\n<ul>\n<li>When laying on tummy, baby will hold their head straight up and look around</li>\n<li>When in a sitting position, baby will hold their head steady, without support</li>\n<li>Whilst laying on back, baby will bring hands together over the chest, touching their fingers</li>\n<li>When in a sitting position, baby should start to reach for a toy close by</li>\n<li>When baby has a toy in their hand, they will hold it whilst looking at it, waving it about and attempting to chew it</li>\n</ul>\n<p>&nbsp;</p>\n<p><strong>Communication</strong></p>\n<ul>\n<li>When in front of a mirror, baby should smile or &lsquo;coo&rsquo; at themselves</li>\n<li>Baby will be able to chuckle softly and/or laugh</li>\n<li>After you have been out of sight, baby will smile or get excited when they see you</li>\n<li>Baby will make sounds when looking at toys or people</li>\n<li>Baby will be able to make high pitched squeals</li>\n</ul>\n<p>&nbsp;</p>\n<p><strong>Information Source:</strong><br><a href=\"https://www.cambscommunityservices.nhs.uk/advice/staying-safe/childhood-development/milestones\" target=\"_blank\">https://www.cambscommunityservices.nhs.uk/advice/staying-safe/childhood-development/milestones</a></p>",
    "image": ""
  }
},
{
  "model": "tracker.developmentmilestone",
  "pk": 78,
  "fields": {
    "stage": "postnatal",
    "week": null,
    "start_age_months": 5,
    "end_age_months": 6,
    "description": "<p>At around six months you can expect your child to be able to do the following:</p>\n<p>&nbsp;</p>\n<p><strong>Physical</strong></p>\n<ul>\n<li>Baby will roll from their back to their tummy</li>\n<li>Baby will be able to sit up with support</li>\n<li>Baby will be able to get into a crawling position</li>\n<li>Be able to grasp a toy using both hands at once</li>\n<li>Reach a small object using their finger and pick it up using their thumb and all fingers</li>\n<li>Be able to pick up a small toy with one hand and pass it to the other</li>\n<li>Plays with feet when laying on back</li>\n</ul>\n<p>&nbsp;</p>\n<p><strong>Communication</strong></p>\n<ul>\n<li>Holds hands up to be lifted</li>\n<li>Makes sounds like &lsquo;Da&rsquo;, &lsquo;ga&rsquo;, &lsquo;ka&rsquo;</li>\n<li>Squeals and laughs</li>\n<li>Likes to look at themselves in a mirror</li>\n</ul>\n<p>&nbsp;</p>\n<p><strong>Information Source:</strong><br><a href=\"https://www.cambscommunityservices.nhs.uk/advice/staying-safe/childhood-development/milestones\" target=\"_blank\">https://www.cambscommunityservices.nhs.uk/advice/staying-safe/childhood-development/milestones</a></p>",
    "image": ""
  }
},
{
  "model": "tracker.developmentmilestone",
  "pk": 79,
  "fields": {
    "stage": "postnatal",
    "week": null,
    "start_age_months": 7,
    "end_age_months": 9,
    "description": "<p>At around nine months you can expect your child to be able to do the following:</p>\n<p>&nbsp;</p>\n<p><strong>Physical</strong></p>\n<ul>\n<li>Sits without support</li>\n<li>Can get into sitting position from lying down</li>\n<li>Will pull to stand and take weight on feet</li>\n<li>May crawl</li>\n<li>Rolls over both ways</li>\n</ul>\n<p>&nbsp;</p>\n<p><strong>Communication</strong></p>\n<ul>\n<li>Copy simple sounds</li>\n<li>Babbles making different sounds e.g. mamma</li>\n<li>Baby will when asked &lsquo;Give it to me&rsquo; or &lsquo;Put it back&rsquo;</li>\n<li>Recognises family members</li>\n<li>Clingy to familiar adults</li>\n<li>Has a favourite toy</li>\n</ul>\n<p>&nbsp;</p>\n<p><strong>Information Source:</strong><br><a href=\"https://www.cambscommunityservices.nhs.uk/advice/staying-safe/childhood-development/milestones\" target=\"_blank\">https://www.cambscommunityservices.nhs.uk/advice/staying-safe/childhood-development/milestones</a></p>",
    "image": ""
  }
},
{
  "model": "tracker.developmentmilestone",
  "pk": 80,
  "fields": {
    "stage": "postnatal",
    "week": null,
    "start_age_months": 10,
    "end_age_months": 12,
    "description": "<p>At around twelve months you can expect your child to be able to do the following:</p>\n<p>&nbsp;</p>\n<p><strong>Physical</strong></p>\n<ul>\n<li>Sits well and gets into sitting position alone</li>\n<li>Pulls to stand from sitting position and can sit down again</li>\n<li>Walks around furniture</li>\n<li>May crawl or bottom shuffle</li>\n<li>May stand alone</li>\n<li>Help turn the pages of a book</li>\n<li>Throw a small ball</li>\n<li>Be able to pick up a piece of string with first finger and thumb</li>\n</ul>\n<p>&nbsp;</p>\n<p><strong>Communication</strong></p>\n<ul>\n<li>Points at objects</li>\n<li>Responds to own name</li>\n<li>When dressing, will hold out arm or foot to help</li>\n<li>Makes more meaningful sounds e.g. Mamma, Dadda</li>\n</ul>\n<p>&nbsp;</p>\n<p><strong>Information Source:</strong><br><a href=\"https://www.cambscommunityservices.nhs.uk/advice/staying-safe/childhood-development/milestones\" target=\"_blank\">https://www.cambscommunityservices.nhs.uk/advice/staying-safe/childhood-development/milestones</a></p>",
    "image": ""
  }
},
{
  "model": "tracker.developmentmilestone",
  "pk": 81,
  "fields": {
    "stage": "postnatal",
    "week": null,
    "start_age_months": 13,
    "end_age_months": 18,
    "description": "<p>At around eighteen months you can expect your child to be able to do the following:</p>\n<p>&nbsp;</p>\n<p><strong>Physical</strong></p>\n<ul>\n<li>Walks well</li>\n<li>Can walk upstairs holding an adults hand</li>\n<li>Can stack blocks on top of each other</li>\n<li>Turn the page of a book</li>\n<li>Put a small in their mouth, right side up</li>\n</ul>\n<p>&nbsp;</p>\n<p><strong>Communication</strong></p>\n<ul>\n<li>Says several single words</li>\n<li>Recognises and points to parts of the body</li>\n<li>Enjoys nursery rhymes and tries to join in</li>\n<li>Obeys simple commands, such as &lsquo;bring me your shoes&rsquo;</li>\n</ul>\n<p>&nbsp;</p>\n<p><strong>Information Source:</strong><br><a href=\"https://www.cambscommunityservices.nhs.uk/advice/staying-safe/childhood-development/milestones\" target=\"_blank\">https://www.cambscommunityservices.nhs.uk/advice/staying-safe/childhood-development/milestones</a></p>",
    "image": ""
  }
},
{
  "model": "tracker.developmentmilestone",
  "pk": 82,
  "fields": {
    "stage": "postnatal",
    "week": null,
    "start_age_months": 19,
    "end_age_months": 24,
    "description": "<p>At around two years old you can expect your child to be able to do the following:</p>\n<p>&nbsp;</p>\n<p><strong>Physical</strong></p>\n<ul>\n<li>Tries to kick a ball</li>\n<li>Runs well</li>\n<li>Jumps with both feet leaving the floor at the same time</li>\n<li>Holds pencil by using thumb and first two fingers</li>\n<li>Can string small items such as beads, pasta onto a string</li>\n<li>Drinks from a cup with no lid</li>\n</ul>\n<p>&nbsp;</p>\n<p><strong>Communication</strong></p>\n<ul>\n<li>Likes to pretend and role play</li>\n<li>Can name well known objects</li>\n<li>Correctly uses words like &lsquo;I&rsquo;, &lsquo;Mine&rsquo; and &lsquo;You&rsquo;</li>\n<li>Will correctly put two &ndash; three words together</li>\n</ul>\n<p>&nbsp;</p>\n<p><strong>Information Source:</strong><br><a href=\"https://www.cambscommunityservices.nhs.uk/advice/staying-safe/childhood-development/milestones\" target=\"_blank\">https://www.cambscommunityservices.nhs.uk/advice/staying-safe/childhood-development/milestones</a></p>",
    "image": ""
  }
},
{
  "model": "tracker.developmentmilestone",
  "pk": 83,
  "fields": {
    "stage": "postnatal",
    "week": null,
    "start_age_months": 25,
    "end_age_months": 36,
    "description": "<p>At around three years old you can expect your child to be able to do the following:</p>\n<p>&nbsp;</p>\n<p><strong>Physical</strong></p>\n<ul>\n<li>Will walk on tip toes when shown</li>\n<li>Walks upstairs with alternate feet, still puts both feet on each step when coming down</li>\n<li>Catches a large ball</li>\n<li>Pedals a tricycle</li>\n<li>Climbs walls</li>\n</ul>\n<p>&nbsp;</p>\n<p><strong>Communication</strong></p>\n<ul>\n<li>Can say own name, age and sex</li>\n<li>Can say numbers up to 10</li>\n<li>Pretend play is more vivid</li>\n<li>Plays with other children and takes turns</li>\n<li>Understands and uses &lsquo;You&rsquo;, &lsquo;Me&rsquo;, &lsquo;I&rsquo;</li>\n</ul>\n<p>&nbsp;</p>\n<p><strong>Information Source:</strong><br><a href=\"https://www.cambscommunityservices.nhs.uk/advice/staying-safe/childhood-development/milestones\" target=\"_blank\">https://www.cambscommunityservices.nhs.uk/advice/staying-safe/childhood-development/milestones</a></p>",
    "image": ""
  }
},
{
  "model": "tracker.developmentmilestone",
  "pk": 84,
  "fields": {
    "stage": "postnatal",
    "week": null,
    "start_age_months": 37,
    "end_age_months": 48,
    "description": "<p>At around four years old you can expect your child to be able to do the following:</p>\n<p>&nbsp;</p>\n<p><strong>Physical</strong></p>\n<ul>\n<li>Walks up and down stairs using alternate feet</li>\n<li>Good on a tricycle</li>\n<li>Hops and stands on one foot</li>\n<li>Can throw, catch and kick well</li>\n<li>Draws a person with recognisable body parts eg head, arms and legs</li>\n<li>Uses a fork and spoon well</li>\n</ul>\n<p>&nbsp;</p>\n<p>&nbsp;<strong>Communication</strong></p>\n<ul>\n<li>Knows own first and last name</li>\n<li>Can sing several nursery rhymes</li>\n<li>Likes to listen to longer stories and will tell own stories</li>\n<li>Continues to ask lots of questions</li>\n<li>Takes turns and shares</li>\n<li>Shows sympathy to friends when hurt or upset</li>\n</ul>\n<p>&nbsp;</p>\n<p><strong>Information Source:</strong><br><a href=\"https://www.cambscommunityservices.nhs.uk/advice/staying-safe/childhood-development/milestones\" target=\"_blank\">https://www.cambscommunityservices.nhs.uk/advice/staying-safe/childhood-development/milestones</a></p>",
    "image": ""
  }
},
{
  "model": "tracker.developmentmilestone",
  "pk": 85,
  "fields": {
    "stage": "postnatal",
    "week": null,
    "start_age_months": 49,
    "end_age_months": 60,
    "description": "<p>At around five years old you can expect your child to be able to do the following:</p>\n<p>&nbsp;</p>\n<p>Physical</p>\n<ul>\n<li>Can balance and stand on one foot for about 10 seconds</li>\n<li>Hops</li>\n<li>Dances</li>\n<li>Swings and climbs</li>\n<li>Slides down a slide</li>\n<li>Can now get dressed and undressed by self</li>\n</ul>\n<p>&nbsp;</p>\n<p><strong>Communication</strong></p>\n<ul>\n<li>Speech is very clear</li>\n<li>Knows name, address and age</li>\n<li>Likes listening and telling stories</li>\n<li>May have best friend</li>\n<li>Sense of humour increasing</li>\n<li>Uses more imagination</li>\n<li>Shows more independence</li>\n</ul>\n<p>&nbsp;</p>\n<p><strong>Information Source:</strong><br><a href=\"https://www.cambscommunityservices.nhs.uk/advice/staying-safe/childhood-development/milestones\" target=\"_blank\">https://www.cambscommunityservices.nhs.uk/advice/staying-safe/childhood-development/milestones</a></p>",
    "image": ""
  }
}
]
